[
  {
    "name": "Roboto Mono"
  },
  {
    "name": "Source Code Pro"
  },
  {
    "name": "IBM Plex Sans"
  },
  {
    "name": "Inconsolata"
  },
  {
    "name": "Fira Code"
  },
  {
    "name": "Roboto"
  },
  {
    "name": "Montserrat"
  },
  {
    "name": "Titillium Web"
  },
  {
    "name": "Lexend Deca"
  },
  {
    "name": "Comic Sans MS",
    "display": "Helvetica"
  },
  {
    "name": "Oxygen"
  },
  {
    "name": "Nunito"
  },
  {
    "name": "Itim"
  },
  {
    "name": "Courier"
  },
  {
    "name": "Comfortaa"
  },
  {
    "name": "Coming Soon"
  }
]
