{
  "language": "code_c++",
  "groups": [
    [0, 100],
    [101, 300],
    [301, 600],
    [601, 9999]
  ],
  "quotes": [
    {
      "text": "#include <bits/stdc++.h>\\nusing namespace std;\\nint main(){\\n\\tint len;\\n\\tcin >> len;\\n\\tvector <int> array(len);\\n\\tint sum = 0;\\n\\tfor(int i = 0; i < len; i++){\\n\\t\\tcin >> array[i];\\n\\t\\tsum += array[i];\\n\\t}\\n\\tcout << sum;\\n\\treturn 0;\\n}\\n",
      "source": "Sum of array in C++",
      "length": 246,
      "id": 1
    },
    {
      "text": "float Q_rsqrt( float number )\\n{\\n    long i;\\n    float x2, y;\\n    const float threehalfs = 1.5F;\\n\\n    x2 = number * 0.5F;\\n    y  = number;\\n    i  = * ( long * ) &y; // evil floating point bit level hacking\\n    i  = 0x5f3759df - ( i >> 1 ); // what the fuck?\\n    y  = * ( float * ) &i;\\n    y  = y * ( threehalfs - ( x2 * y * y ) ); // 1st iteration\\n    return y;\\n}\\n",
      "source": "Quake III Arena Source Code (Fast Inverse Square Root)",
      "length": 377,
      "id": 2
    }
  ]
}
