{
  "language": "italian",
  "groups": [
    [0, 100],
    [101, 300],
    [301, 600],
    [601, 9999]
  ],
  "quotes": [
    {
      "text": "Nel mezzo del cammin di nostra vita mi ritrovai per una selva oscura, ché la diritta via era smarrita.",
      "source": "Dante Alighieri",
      "length": 102,
      "id": 1
    },
    {
      "text": "Ma come posso penetrare nell'essenza del deserto? Ascolta il tuo cuore. Esso conosce tutte le cose, perché è originato dall'Anima del Mondo, e un giorno vi farà ritorno.",
      "source": "Paolo Coelho - The Alchemist",
      "length": 169,
      "id": 2
    },
    {
      "text": "Ora volerai, Fortunata. Respira. Senti la pioggia, E' acqua. Nella tua vita avrai molti motivi per essere felice, uno di questi si chiama acqua, un altro si chiama vento, un altro ancora si chiama sole e arriva sempre come ricompensa dopo la pioggia. Senti la pioggia. Apri le ali.",
      "source": "Luis Sepúlveda",
      "length": 281,
      "id": 3
    },
    {
      "text": "Se però perverremo a scoprire una teoria completa, essa dovrebbe essere col tempo comprensibile a tutti nei suoi principi generali, e non solo a pochi scienziati. Noi tutti - filosofi, scienziati e gente comune - dovremmo allora essere in grado di partecipare alla discussione del problema del perché noi e l'universo esistiamo. Se riusciremo a trovare la risposta a questa domanda, decreteremo il trionfo della ragione umana: giacché allora conosceremmo la mente di Dio.",
      "source": "Stephen W. Hawking - A Brief History Of Time: From Big Bang To Black Holes",
      "length": 471,
      "id": 4
    },
    {
      "text": "Verrà un giorno, e non è molto lontano, in cui potremo concludere affari, studiare, conoscere il mondo e le sue culture, assistere a importanti spettacoli, stringere amicizie, visitare i negozi del quartiere e mostrare fotografie a parenti lontani, tutto senza muoverci dalla scrivania o dalla poltrona.",
      "source": "Bill Gates",
      "length": 303,
      "id": 5
    },
    {
      "text": "E' molto semplice: non vedo bene che col cuore. L'essenziale è invisibile agli occhi.",
      "source": "Antoine De Saint-Exupéry - Little Prince",
      "length": 85,
      "id": 6
    },
    {
      "text": "La vita non è quella che si è vissuta, ma quella che si ricorda e come la si ricorda per raccontarla.",
      "source": "Gabriel García Márquez, Vivere per raccontarla",
      "length": 101,
      "id": 7
    },
    {
      "text": "Vedo il mondo mutarsi lentamente in un deserto, odo sempre più forte l’avvicinarsi del rombo che ucciderà anche noi, partecipo al dolore di milioni di uomini, eppure, quando guardo il cielo, penso che tutto volgerà nuovamente al bene, che anche questa spietata durezza cesserà, che ritorneranno l’ordine, la pace e la serenità",
      "source": "Anne Frank, Diario",
      "length": 326,
      "id": 8
    },
    {
      "text": "Prendete la vita con leggerezza, che leggerezza non è superficialità, ma planare sulle cose dall'alto, non avere macigni sul cuore",
      "source": "Italo Calvino, Lezioni americane",
      "length": 130,
      "id": 9
    },
    {
      "text": "Coloro che sognano di giorno sanno molte cose che sfuggono a chi sogna soltanto di notte",
      "source": "Edgar Allan Poe",
      "length": 88,
      "id": 10
    },
    {
      "text": "Il tempo per leggere, come il tempo per amare, dilata il tempo per vivere",
      "source": "Daniel Pennac, Come un romanzo",
      "length": 73,
      "id": 11
    },
    {
      "text": "Leggendo non cerchiamo idee nuove, ma pensieri già da noi pensati, che acquistano sulla pagina un suggello di conferma",
      "source": "Cesare Pavese, Il mestiere di vivere",
      "length": 118,
      "id": 12
    },
    {
      "text": "Fondare biblioteche è come costruire ancora granai pubblici, ammassare riserve contro un inverno dello spirito che da molti indizi, mio malgrado, vedo venire",
      "source": "Marguerite Yourcenar, Memorie di Adriano",
      "length": 157,
      "id": 13
    },
    {
      "text": "Tutta la varietà, tutta la delizia, tutta la bellezza della vita è composta d'ombra e di luce",
      "source": "Lev Tolstoj, Anna Karenina",
      "length": 93,
      "id": 14
    },
    {
      "text": "Il solo vero viaggio, il solo bagno di giovinezza, non sarebbe quello di andare verso nuovi paesaggi, ma di avere occhi diversi, di vedere l'universo con gli occhi di un altro, di cento altri, di vedere i cento universi che ciascuno di essi vede, che ciascuno di essi è",
      "source": "Marcel Proust, La prigioniera",
      "length": 269,
      "id": 15
    },
    {
      "text": "Il più bello dei mari è quello che non navigammo. Il più bello dei nostri figli non è ancora cresciuto. I più belli dei nostri giorni non li abbiamo ancora vissuti. E quello che vorrei dirti di più bello non te l’ho ancora detto",
      "source": "Nazim Hikmet",
      "length": 228,
      "id": 16
    },
    {
      "text": "Non sempre le nuvole offuscano il cielo: a volte lo illuminano",
      "source": "Elsa Morante, La storia",
      "length": 62,
      "id": 17
    },
    {
      "text": "Oggi non è che un giorno qualunque di tutti i giorni che verranno. Ma quello che accadrà in tutti gli altri giorni che verranno può dipendere da quello che farai oggi",
      "source": "Ernest Hemingway, Per chi suona la campana",
      "length": 166,
      "id": 18
    },
    {
      "text": "Quando la tempesta sarà finita, probabilmente non saprai neanche tu come hai fatto ad attraversarla e a uscirne vivo. Anzi, non sarai neanche sicuro se sia finita per davvero. Ma su un punto non c'è dubbio. Ed è che tu, uscito da quel vento, non sarai lo stesso che vi è entrato",
      "source": "Murakami, Kafka sulla spiaggia",
      "length": 278,
      "id": 19
    },
    {
      "text": "Se nel mondo non c'è amore faremo un altro mondo, e lo circonderemo di mura massicce e lo arrederemo con interni rossi e soffici, e gli forniremo un battaglio che suoni come un diamante caduto nel feltro di un gioielliere in modo che non lo sentiamo mai. Amami perché l'amore non esiste e io ho provato tutto ciò che esiste",
      "source": "Jonathan Safran Foer, Ogni cosa è illuminata",
      "length": 323,
      "id": 20
    },
    {
      "text": "Sono cresciuto in mezzo ai libri, facendomi amici invisibili tra le pagine polverose di cui ho ancora l'odore sulle mani",
      "source": "Carlos Ruiz Zafon, L'ombra del vento",
      "length": 120,
      "id": 21
    },
    {
      "text": "Sono certo, certissimo, che una persona che legge poesia si fa sconfiggere meno facilmente di una che non la legge",
      "source": "Iosif Brodskij, Dall'esilio",
      "length": 114,
      "id": 22
    },
    {
      "text": "La bellezza non è che una promessa di felicità",
      "source": "Stendhal, Dell'amore",
      "length": 46,
      "id": 23
    },
    {
      "text": "Preferisco una sconfitta consapevole della bellezza dei fiori, piuttosto che una vittoria in mezzo ai deserti, una vittoria colma della cecità dell'anima, di fronte alla sua nullità separata",
      "source": "Fernando Pessoa, Il libro dell'inquietudine",
      "length": 190,
      "id": 24
    },
    {
      "text": "Il problema oggi non è l'energia nucleare, ma il cuore dell'uomo",
      "source": "Albert Einstein",
      "length": 64,
      "id": 25
    },
    {
      "text": "I grandi spiriti hanno sempre incontrato violente opposizioni da parte delle menti mediocri",
      "source": "Albert Einstein",
      "length": 91,
      "id": 26
    },
    {
      "text": "Il mondo è un posto pericoloso. Non per via delle persone che fanno del male, ma per via di quelle che si siedono a guardare quel che succede",
      "source": "Albert Einstein",
      "length": 141,
      "id": 27
    },
    {
      "text": "Io appartengo all’unica razza che conosco: quella umana",
      "source": "Albert Einstein",
      "length": 55,
      "id": 28
    },
    {
      "text": "Senza crisi non ci sono sfide, senza sfide la vita è routine, una lenta agonia… L’unica crisi minacciosa è la tragedia di non voler lottare per superarla",
      "source": "Albert Einstein",
      "length": 153,
      "id": 29
    },
    {
      "text": "L’uomo ha scoperto la bomba atomica, però nessun topo al mondo costruirebbe una trappola per topi",
      "source": "Albert Einstein",
      "length": 97,
      "id": 30
    },
    {
      "text": "C’è una forza motrice più forte del vapore, dell’elettricità e dell’energia atomica: la volontà",
      "source": "Albert Einstein",
      "length": 95,
      "id": 31
    },
    {
      "text": "Tutti sanno che una cosa è impossibile da realizzare, finché non arriva uno sprovveduto che non lo sa e la inventa",
      "source": "Albert Einstein",
      "length": 114,
      "id": 32
    },
    {
      "text": "Le più felici delle persone non necessariamente hanno il meglio di ogni cosa; soltanto traggono il meglio da ogni cosa che capita sul loro cammino",
      "source": "Albert Einstein",
      "length": 146,
      "id": 33
    },
    {
      "text": "Lo spreco della vita si trova nell’amore che non si è saputo dare, nel potere che non si è saputo utilizzare, nell’egoistica prudenza che ci ha impedito di rischiare e che, evitandoci un dispiacere, ci ha fatto mancare la felicità",
      "source": "Oscar Wilde",
      "length": 230,
      "id": 34
    },
    {
      "text": "La differenza tra gli uomini e le donne: gli uomini conoscono la vita troppo presto; le donne conoscono la vita troppo tardi",
      "source": "Oscar Wilde",
      "length": 124,
      "id": 35
    },
    {
      "text": "Amo recitare. È molto più reale della vita",
      "source": "Oscar Wilde",
      "length": 42,
      "id": 36
    },
    {
      "text": "La vita è terribile. È lei che ci governa, non noi che la governiamo",
      "source": "Oscar Wilde",
      "length": 68,
      "id": 37
    },
    {
      "text": "Il primo dovere nella vita è quello di essere il più artificiali possibile. Quale sia il secondo, nessuno lo ha ancora scoperto",
      "source": "Oscar Wilde",
      "length": 127,
      "id": 38
    },
    {
      "text": "Ho scritto quando non conoscevo la vita. Ora che so il senso della vita, non ho più niente da scrivere. La vita non può essere scritta: la vita può essere soltanto vissuta",
      "source": "Oscar Wilde",
      "length": 171,
      "id": 39
    },
    {
      "text": "Noi siamo l’incarnazione locale di un Cosmo cresciuto fino all’autocoscienza. Abbiamo incominciato a comprendere la nostra origine: siamo materia stellare che medita sulle stelle",
      "source": "Carl Sagan",
      "length": 178,
      "id": 40
    },
    {
      "text": "Per quanto difficile possa essere la vita, c’è sempre qualcosa che è possibile fare. Guardate le stelle invece dei vostri piedi",
      "source": "Stephen Hawking",
      "length": 127,
      "id": 41
    },
    {
      "text": "Fa ciò che senti giusto nel tuo cuore, poiché verrai criticato comunque. Sarai dannato se lo fai, dannato se non lo fai",
      "source": "Eleanor Roosevelt",
      "length": 119,
      "id": 42
    },
    {
      "text": "Ho sempre tentato. Ho sempre fallito. Non discutere. Prova ancora. Fallisci ancora. Fallisci meglio",
      "source": "Samuel Beckett",
      "length": 99,
      "id": 43
    },
    {
      "text": "Se vogliamo che tutto rimanga come è, bisogna che tutto cambi",
      "source": "Giuseppe Tomasi di Lampedusa",
      "length": 61,
      "id": 44
    },
    {
      "text": "Per compiere grandi passi, non dobbiamo solo agire, ma anche sognare, non solo pianificare, ma anche credere",
      "source": "Anatole France",
      "length": 108,
      "id": 45
    },
    {
      "text": "Buonanotte, buonanotte! Separarsi è un sì dolce dolore, che dirò buonanotte finché non sarà mattino",
      "source": "William Shakespeare",
      "length": 99,
      "id": 46
    },
    {
      "text": "Io considero il mondo per quello che è: un palcoscenico dove ognuno deve recitare la sua parte",
      "source": "William Shakespeare",
      "length": 94,
      "id": 47
    },
    {
      "text": "L’amore fugge come un’ombra l’amore reale che l’insegue, inseguendo chi lo fugge, fuggendo chi l’insegue",
      "source": "William Shakespeare",
      "length": 104,
      "id": 48
    },
    {
      "text": "Guarda come appoggia la guancia alla sua mano: Oh, potessi essere io il guanto di quella mano e poter così sfiorare quella guancia!",
      "source": "William Shakespeare",
      "length": 131,
      "id": 49
    },
    {
      "text": "D’ora in avanti tu chiamami “Amore”, ed io sarò per te non più Romeo, perché m’avrai così ribattezzato",
      "source": "William Shakespeare",
      "length": 102,
      "id": 50
    }
  ]
}
