{
  "language": "thai",
  "groups": [
    [
      0,
      100
    ],
    [
      101,
      300
    ],
    [
      301,
      600
    ],
    [
      601,
      9999
    ]
  ],
  "quotes": [
    {
      "text": "ข้อ 1 มนุษย์ทั้งหลายเกิดมามีอิสระและเสมอภาคกันในเกียรติศักด[เกียรติศักดิ์]และสิทธิ ต่างมีเหตุผลและมโนธรรม และควรปฏิบัติต่อกันด้วยเจตนารมณ์แห่งภราดรภาพ",
      "source": "Universal Declaration of Human Rights",
      "length": 150,
      "id": 1
    },
    {
      "text": "ข้อ 2 ทุกคนย่อมมีสิทธิและอิสรภาพบรรดาที่กำหนดไว้ในปฏิญญานี้ โดยปราศจากความแตกต่างไม่ว่าชนิดใด ๆ ดังเช่น เชื้อชาติ ผิว เพศ ภาษา ศาสนา ความคิดเห็นทางการเมืองหรือทางอื่น เผ่าพันธุ์แห่งชาติ หรือสังคม ทรัพย์สิน กำเนิด หรือสถานะอื่น ๆ\\nอนึ่งจะไม่มีความแตกต่างใด ๆ ตามมูลฐานแห่งสถานะทางการเมือง ทางการศาล หรือทางการระหว่างประเทศของประเทศหรือดินแดนที่บุคคลสังกัด ไม่ว่าดินแดนนี้จะเป็นเอกราช อยู่ในความพิทักษ์มิได้ปกครองตนเอง หรืออยู่ภายใต้การจำกัดอธิปไตยใด ๆ ทั้งสิ้น",
      "source": "Universal Declaration of Human Rights",
      "length": 459,
      "id": 2
    }
  ]
}