{
  "language": "turkish",
  "groups": [
    [0, 100],
    [101, 300],
    [301, 600],
    [601, 9999]
  ],
  "quotes": [
    {
      "text": "Kimse görmek istemeyenler kadar kör değildir.",
      "source": "Jonathan Swift",
      "length": 45,
      "id": 1
    },
    {
      "text": "Yeryüzünde yalnız benim serseri, yeryüzünde yalnız ben derbederim. Herkesin dünyada varsa bir yeri, ben de bütün dünya benimdir derim.",
      "source": "Serseri - Necip Fazıl Kısakürek",
      "length": 134,
      "id": 2
    },
    {
      "text": "Yıllarca gezdirdim hoyrat başımı, aradım bir ömür, arkadaşımı. Ölsem dikecek yok mezar taşımı; Halime ben bile hayret ederim.",
      "source": "Serseri - Necip Fazıl Kısakürek",
      "length": 125,
      "id": 3
    },
    {
      "text": "Gönlüm ne dertlidir, ne de bahtiyar; Ne kendisine yar, ne kimseye yar. Bir rüya uğrunda ben diyar diyar, gölgemin peşinden yürür giderim...",
      "source": "Serseri - Necip Fazıl Kısakürek",
      "length": 139,
      "id": 4
    },
    {
      "text": "Ne güzel şey hatırlamak seni. Sana tahtadan birşeyler oymalıyım yine: bir çekmece bir yüzük, ve üç metre kadar ince ipekli dokumalıyım. Ve hemen fırlayarak yerimden, penceremde demirlere yapışarak, hürriyetin sütbeyaz maviliğine, sana yazdıklarımı bağıra bağıra okumalıyım... Ne güzel şey hatırlamak seni: ölüm ve zafer haberleri içinde, hapiste ve yaşım kırkı geçmiş iken...",
      "source": "Ne Güzel Şey Hatırlamak Seni - Nazım Hikmet",
      "length": 371,
      "id": 5
    },
    {
      "text": "Bileklerimizi morartmış yeni Alman kelepçeleri, otobüsün kaloriferleri bozuldu Kaman’dan sonra. Sekiz saat oluyor karbonatlı bir çay bile içemedik, başımızda prensip sahibi bir başçavuş. Niğde üzerinden Adana Cezaevine gidiyoruz... Bi sen eksiktin ayışığı, gümüş bir tüy dikmek için manzaraya!",
      "source": "Bir Sen Eksiktin Ay Işığı - Can Yücel",
      "length": 293,
      "id": 6
    },
    {
      "text": "Artık demir almak günü gelmişse zamandan, meçhule giden bir gemi kalkar bu limandan. Hiç yolcusu yokmuş gibi sessizce alır yol; Sallanmaz o kalkışta ne mendil ne de bir kol. Rıhtımda kalanlar bu seyahatten elemli, günlerce siyah ufka bakar gözleri nemli. Biçare gönüller! Ne giden son gemidir bu! Hicranlı hayatın ne de son matemidir bu! Dünyada sevilmiş ve seven nafile bekler; Bilmez ki giden sevgililer dönmeyecekler. Birçok gidenin her biri memnun ki yerinden, birçok seneler geçti; Dönen yok seferinden.",
      "source": "Sessiz Gemi - Yahya Kemal Beyatlı",
      "length": 508,
      "id": 7
    },
    {
      "text": "Ağılda oğlak doğsa ovada otu biter.",
      "source": "Atasözü",
      "length": 35,
      "id": 8
    },
    {
      "text": "Kel ölür, sırma saçlı olur; kör ölür, badem gözlü olur.",
      "source": "Atasözü",
      "length": 55,
      "id": 9
    },
    {
      "text": "Açık yerde tepecik kendini dağ sanır.",
      "source": "Atasözü",
      "length": 37,
      "id": 10
    },
    {
      "text": "Abanın kıymeti yağmurda bilinir.",
      "source": "Atasözü",
      "length": 32,
      "id": 11
    },
    {
      "text": "Aç aman bilmez, çocuk zaman bilmez.",
      "source": "Atasözü",
      "length": 35,
      "id": 13
    },
    {
      "text": "Adam adama yük değil, can gövdeye mülk değil.",
      "source": "Atasözü",
      "length": 45,
      "id": 14
    },
    {
      "text": "Ahmağa yüz, abdala söz vermeye gelmez.",
      "source": "Atasözü",
      "length": 38,
      "id": 15
    },
    {
      "text": "Aş taşınca kepçeye paha olmaz.",
      "source": "Atasözü",
      "length": 30,
      "id": 16
    },
    {
      "text": "Ağustosta gölge kovan, zemheride karnın ovar.",
      "source": "Atasözü",
      "length": 45,
      "id": 17
    },
    {
      "text": "Kalendere kış geliyor demişler, titremeye hazırım diye cevap vermiş.",
      "source": "Atasözü",
      "length": 45,
      "id": 18
    },
    {
      "text": "Gölgeyi hoş gören tekneyi boş görür.",
      "source": "Atasözü",
      "length": 36,
      "id": 20
    },
    {
      "text": "Göz odur ki dağın arkasını göre, akıl odur ki başa geleceği bile.",
      "source": "Atasözü",
      "length": 65,
      "id": 21
    },
    {
      "text": "Verip pişman olmaktan, vermeyip düşman olmak yeğdir.",
      "source": "Atasözü",
      "length": 52,
      "id": 22
    },
    {
      "text": "Lafla pilav pişerse deniz kadar yağı benden.",
      "source": "Atasözü",
      "length": 44,
      "id": 23
    },
    {
      "text": "Onmadık hacıyı deve üstünde yılan sokar.",
      "source": "Atasözü",
      "length": 40,
      "id": 24
    },
    {
      "text": "Oduncunun gözü omcada, dilencinin gözü çömcede.",
      "source": "Atasözü",
      "length": 47,
      "id": 25
    },
    {
      "text": "Tarlada izi olmayanın harmanında yüzü olmaz.",
      "source": "Atasözü",
      "length": 44,
      "id": 26
    },
    {
      "text": "Topalla gezen, aksamak öğrenir.",
      "source": "Atasözü",
      "length": 31,
      "id": 27
    },
    {
      "text": "Tayfanın akıllısı, geminin dümeninden uzak durur.",
      "source": "Atasözü",
      "length": 49,
      "id": 28
    },
    {
      "text": "Martta sürmez, eylülde ekmezsen sabanı bırak.",
      "source": "Atasözü",
      "length": 45,
      "id": 29
    },
    {
      "text": "Işığını akşamdan önce yakan, sabah çırasına yağ bulamaz.",
      "source": "Atasözü",
      "length": 55,
      "id": 30
    },
    {
      "text": "Ahırın avlusunda oynarken aşağıda, gümüş söğütler altında görünmeyen derenin hazin şırıltısını duyardık. Evimiz iç çitin büyük kestane ağaçları arkasında kaybolmuş gibiydi. Annem İstanbul’a gittiği için benden bir yaş küçük kardeşim Hasan’la artık Dadaruh’un yanından hiç ayrılmıyorduk. Bu, babamın seyisi yaşlı bir adamdı. Sabahleyin erkenden ahıra koşuyorduk. En sevdiğimiz şey atlardı. Dadaruh’la beraber onları suya götürmek, çıplak sırtlarına binmek ne doyulmaz bir zevkti. Hasan korkar, yalnız binmezdi. Dadaruh, onu kendi önüne alırdı. Torbalara arpa koymak, yemliklere ot doldurmak, ahırı süpürmek, gübreleri kaldırmak en eğlenceli oyundan bile daha çok hoşumuza gidiyordu. Hele tımar… bu, en zevkli şeydi.",
      "source": "Kaşağı - Ömer Seyfettin",
      "length": 714,
      "id": 31
    },
    {
      "text": "At, ahır işlerinde sadece tımarı beceremiyordum. Boyum karnına bile varmıyordu. Ama en keyifli, en eğlenceli şey buydu. Sanki kaşağının muntazam tıkırtısı Tosun’un hoşuna gidiyor, kulaklarını kısıyor, kuyruğunu kocaman bir püskül gibi sallıyordu.",
      "source": "Kaşağı - Ömer Seyfettin",
      "length": 246,
      "id": 32
    },
    {
      "text": "Ertesi yıl annem, yaz olunca yine İstanbul'a gitti. Biz yalnız kaldık. Hasan'a ahır hala yasaktı. Geceleri yatakta atların ne yaptıklarını, tayların büyüyüp büyümediğini bana sorardı. Bir gün aniden hastalandı. Kasabaya at gönderildi. Doktor geldi. Kuşpalazı dedi. Çiftlikteki köylü kadınlar eve koştular. Birtakım tekir kuşları getiriyorlar, kesip kardeşimin boynuna sarıyorlardı. Babam yatağının dibinden ayrılmıyordu.",
      "source": "Kaşağı - Ömer Seyfettin",
      "length": 420,
      "id": 33
    },
    {
      "text": "Şehirde yaşayan ve bir tüccarla evli olan abla, köydeki kız kardeşini ziyarete gitmişti; kardeşi ise bir köylüyle evliydi. Semaver başında toplandıklarında, abla kent hayatının güzelliklerinden, yaşamlarının ne kadar rahat olduğundan, ne kadar güzel giyindiklerinden, çocukların şık elbiseler giyinip kuşandıklarından, lezzetli yiyecekler yiyip tiyatrolara, eğlencelere nasıl gittiklerinden bire bin katarak söz etmeye başladı.",
      "source": "İnsan Ne İle Yaşar - Tolstoy",
      "length": 427,
      "id": 34
    },
    {
      "text": "Fakat unutma, ne kadar büyük bir daire yapsan da, gün batmadan başladığın yere dönmek zorundasın; o zamana dek ne kadar yeri işaretlediysen, kendi malın say.",
      "source": "İnsan Ne İle Yaşar - Tolstoy",
      "length": 157,
      "id": 35
    },
    {
      "text": "Yine de 'Bir saat yorul, ömür boyu rahat et...' diye düşünüp yürüdü. Tam sola dönecekti ki bir dere gördü. 'Burayı topraklarıma katmazsam günah olur. Burada pamuk yetiştirebilirim...' diye düşündü.",
      "source": "İnsan Ne İle Yaşar - Tolstoy",
      "length": 197,
      "id": 36
    },
    {
      "text": "Ama kente girerken kafasındaki matkapların yerini başka bir şey alıverdi. Sabahın olağan trafik sıkışıklığında beklerken, çevrede garip giyimli bir sürü insan fark etti. Pelerinli insanlar.",
      "source": "Harry Potter ve Felsefe Taşı - J. K. Rowling",
      "length": 189,
      "id": 37
    },
    {
      "text": "Her yerdeki kuş meraklıları, ülkedeki bütün baykuşların bugün hiç alışılmadık şeyler yaptığını belirtmektedir. Baykuşlar genellikle geceleri avlanırlar, gün ışığında pek görülmezler, ama sabahtan beri bu kuşların her yöne uçuştuklarına yüzlerce kere tanık olunmuştur. Uzmanlar, baykuşların uyku alışkanlıklarını birden bire neden değiştirdiklerini açıklayamamaktadırlar.",
      "source": "Harry Potter ve Felsefe Taşı - J. K. Rowling",
      "length": 370,
      "id": 38
    },
    {
      "text": "Son derece esrarengiz. Şimdi de Jim McGuffin'den hava raporu. Ne dersin, bu gece yine baykuş sağanağı olacak mı, Jim?",
      "source": "Harry Potter ve Felsefe Taşı - J. K. Rowling",
      "length": 117,
      "id": 39
    },
    {
      "text": "Kedinin baktığı köşede bir adam belirdi; öylesine ansızın, öylesine sessizce belirmişti ki, sanki yerden fışkırmış gibiydi. Kedinin kuyruğu titredi, gözleri kısıldı.",
      "source": "Harry Potter ve Felsefe Taşı - J. K. Rowling",
      "length": 165,
      "id": 40
    }
  ]
}
